Random melody 0,71,596,71,533,69,506,72,529,64,559,65,513,69,585,72,561
Random melody 1,69,530,64,585,60,503,64,544,67,532,60,568,65,557,72,507
Random melody 2,67,506,64,570,69,549,69,540,60,515,69,548,71,593,65,526
Random melody 3,62,572,64,561,64,520,64,504,69,563,65,596,62,541,65,549
Random melody 4,65,502,62,596,69,518,60,520,67,590,69,506,62,523,71,569
Random melody 5,72,536,67,575,64,584,62,505,67,517,72,591,62,575,69,561
Random melody 6,60,510,64,552,69,546,62,542,71,508,72,566,71,532,60,514
Random melody 7,69,565,65,565,67,588,71,521,72,597,64,545,67,539,71,567
Random melody 8,71,592,71,592,72,590,67,505,64,550,60,573,60,527,62,525
Random melody 9,71,558,67,544,62,556,69,533,65,600,69,583,65,570,62,524
Random melody 10,72,548,72,519,62,548,65,598,71,599,64,530,69,575,72,501
Random melody 11,64,569,71,516,69,541,64,509,67,529,64,530,69,566,65,600
Random melody 12,60,546,65,522,65,571,64,564,60,574,65,543,62,600,62,557
Random melody 13,65,555,64,591,72,547,62,573,60,577,65,554,69,597,71,518
Random melody 14,62,590,64,512,60,513,62,570,71,581,60,514,65,513,69,590
Random melody 15,64,547,72,544,62,518,71,512,71,569,65,527,64,524,60,543
Random melody 16,72,568,62,538,60,581,71,594,72,533,62,572,62,523,62,508
Random melody 17,65,561,60,549,72,531,60,586,64,505,60,532,67,588,67,547
Random melody 18,65,569,60,589,69,524,65,588,62,531,71,585,62,576,67,572
Random melody 19,72,580,60,523,67,589,60,593,69,513,67,542,64,600,71,581
Random melody 20,65,540,69,526,69,510,69,547,62,519,72,570,72,592,69,501
Random melody 21,69,514,71,600,62,565,62,594,62,547,60,548,65,524,60,548
Random melody 22,71,571,60,519,64,514,67,551,65,539,64,535,69,590,65,526
Random melody 23,64,542,64,518,71,528,69,531,62,529,62,587,72,576,71,521
Random melody 24,60,529,71,536,71,567,69,511,60,561,67,531,65,527,64,547
Random melody 25,67,566,62,514,71,571,72,516,69,572,69,597,62,512,71,575
Random melody 26,72,511,62,579,62,559,65,546,62,598,72,524,69,540,60,570
Random melody 27,67,524,65,561,69,532,67,552,72,553,67,502,60,595,71,508
Random melody 28,65,556,69,552,64,584,72,536,71,577,69,576,60,549,71,553
Random melody 29,65,511,65,514,67,579,64,512,60,520,60,586,64,538,67,501
Random melody 30,62,577,69,530,60,578,64,522,67,550,65,551,65,529,62,524
Random melody 31,64,598,72,562,64,569,60,542,64,560,69,566,71,510,64,511
Random melody 32,65,515,67,533,69,542,62,594,60,550,65,596,69,594,64,592
Random melody 33,69,516,67,596,64,561,72,558,69,553,62,544,67,585,72,586
Random melody 34,72,504,60,600,64,533,65,584,62,554,64,553,64,600,72,524
Random melody 35,72,580,71,553,65,525,72,570,69,557,69,571,67,555,72,504
Random melody 36,65,565,71,527,60,510,67,523,64,503,65,583,62,543,62,527
Random melody 37,65,587,67,569,72,528,65,518,60,572,72,582,60,538,71,582
Random melody 38,65,525,69,560,67,574,62,527,72,584,72,533,65,546,72,503
Random melody 39,71,599,72,507,72,538,67,508,62,503,60,501,64,553,69,526
Random melody 40,64,570,64,545,71,535,71,531,64,550,60,547,65,554,65,554
Random melody 41,69,561,71,526,69,581,69,552,62,537,71,528,62,551,64,573
Random melody 42,64,521,72,569,71,552,71,597,64,542,62,591,72,534,69,597
Random melody 43,72,530,60,542,67,587,65,573,64,575,62,530,71,569,69,550
Random melody 44,69,551,65,555,71,503,67,593,69,595,62,509,71,513,65,532
Random melody 45,67,518,69,543,65,538,65,591,62,535,67,534,60,582,65,534
Random melody 46,60,534,65,566,62,590,67,512,65,600,67,510,71,547,72,530
Random melody 47,65,527,60,600,69,552,67,514,60,547,64,563,71,579,64,526
Random melody 48,71,589,67,571,67,565,62,595,72,510,60,562,69,590,71,548
Random melody 49,60,541,60,574,60,555,69,513,60,527,60,509,60,545,69,589
Random melody 50,62,512,72,523,69,534,69,545,67,560,67,548,65,600,62,599
Random melody 51,71,528,62,530,64,561,72,588,62,517,69,524,65,503,67,594
Random melody 52,65,580,69,599,71,554,71,513,64,508,62,587,67,557,67,530
Random melody 53,72,535,65,510,69,575,62,552,67,572,72,575,71,589,60,526
Random melody 54,62,588,69,600,69,594,62,515,64,542,72,547,62,546,69,509
Random melody 55,69,543,62,547,64,599,60,598,62,557,62,518,72,528,62,591
Random melody 56,67,543,69,533,62,569,60,533,65,507,65,555,65,548,72,567
Random melody 57,62,568,64,546,71,558,67,584,69,501,72,506,62,567,62,576
Random melody 58,65,560,72,505,71,525,65,572,72,574,67,598,67,523,72,571
Random melody 59,62,546,69,521,71,589,69,530,69,566,71,515,65,571,62,597
Random melody 60,72,594,69,538,72,502,65,582,71,520,65,524,72,505,67,583
Random melody 61,64,504,62,580,71,589,67,573,62,593,71,564,65,562,71,574
Random melody 62,62,541,69,581,72,594,69,586,67,572,64,538,69,529,67,556
Random melody 63,71,516,60,573,72,578,72,525,67,582,67,527,60,528,60,515
Random melody 64,69,511,62,561,69,562,71,507,62,513,64,590,64,581,60,532
Random melody 65,67,548,71,569,64,596,60,532,69,507,72,515,64,571,62,591
Random melody 66,60,507,67,502,60,520,64,594,67,544,71,532,67,539,71,516
Random melody 67,71,504,62,568,62,524,60,560,64,600,69,569,60,585,62,571
Random melody 68,71,561,67,543,67,541,62,600,64,583,69,543,60,595,72,600
Random melody 69,60,508,72,539,71,586,71,556,72,573,62,570,64,594,60,574
Random melody 70,72,550,72,555,72,532,64,519,65,562,69,587,67,592,72,521
Random melody 71,71,578,65,519,69,556,62,532,71,586,60,544,64,580,60,527
Random melody 72,60,571,60,578,64,513,71,553,71,528,65,586,72,500,60,567
Random melody 73,71,532,71,550,69,516,60,575,67,532,65,534,67,592,64,549
Random melody 74,71,567,71,586,71,525,69,592,65,531,64,525,69,517,60,591
Random melody 75,67,506,60,569,62,581,71,582,62,518,72,595,69,568,60,525
Random melody 76,69,545,71,512,64,543,64,507,64,594,72,571,60,536,65,571
Random melody 77,71,571,69,589,71,599,60,557,69,600,62,560,67,560,64,568
Random melody 78,64,572,64,501,65,563,72,575,67,600,64,542,64,517,64,518
Random melody 79,60,524,64,502,65,586,67,517,67,544,60,555,72,579,65,518
Random melody 80,62,521,72,597,72,576,71,593,67,577,65,546,71,559,64,543
Random melody 81,60,515,72,508,64,582,62,590,69,548,71,506,62,543,64,554
Random melody 82,60,540,65,546,71,597,62,549,65,557,71,590,69,553,60,509
Random melody 83,67,595,72,564,64,510,62,515,72,587,62,520,60,535,72,583
Random melody 84,71,557,69,562,72,523,72,544,64,545,64,551,62,578,62,504
Random melody 85,72,584,69,562,64,524,72,590,67,594,67,533,72,533,71,514
Random melody 86,65,528,72,552,65,581,64,506,62,552,64,578,72,511,64,549
Random melody 87,60,555,62,555,71,521,67,573,60,501,64,501,65,568,69,549
Random melody 88,62,544,64,592,72,578,60,541,72,514,64,554,62,555,67,575
Random melody 89,60,515,62,522,65,556,62,557,69,590,67,567,71,504,64,596
Random melody 90,62,503,65,575,72,589,60,590,69,564,72,566,67,522,69,540
Random melody 91,71,529,69,510,72,555,62,579,60,600,69,589,62,595,69,573
Random melody 92,64,546,72,580,60,565,71,503,64,509,69,534,67,526,62,539
Random melody 93,64,513,62,532,65,568,72,565,72,534,71,574,62,582,67,514
Random melody 94,67,560,71,503,69,553,71,534,69,507,72,558,67,600,64,539
Random melody 95,65,529,60,545,67,585,67,511,65,500,60,595,62,516,64,582
Random melody 96,71,567,60,545,67,504,65,536,69,582,65,553,64,568,65,549
Random melody 97,65,523,67,564,62,501,67,575,64,537,64,534,67,524,69,553
Random melody 98,71,511,60,589,67,560,67,582,72,511,71,544,71,525,69,524
Random melody 99,69,540,65,531,60,544,72,579,62,566,69,501,62,538,69,566
Random melody 100,62,506,60,566,69,548,69,508,67,525,67,569,60,548,65,582
Random melody 101,62,567,65,592,72,552,69,523,64,560,65,600,60,549,67,562
Random melody 102,60,504,67,541,62,558,62,562,60,597,71,515,65,590,67,507
Random melody 103,60,538,67,572,62,575,71,549,64,569,71,531,64,516,64,542
Random melody 104,60,580,71,506,65,568,60,541,65,550,71,549,64,553,65,530
Random melody 105,65,600,65,569,64,505,65,540,67,596,62,508,72,517,72,550
Random melody 106,65,527,69,516,60,587,65,528,71,561,64,513,60,512,65,515
Random melody 107,67,590,65,527,71,539,69,542,64,595,62,587,65,548,62,571
Random melody 108,69,579,65,586,65,528,60,563,62,514,64,582,67,593,65,560
Random melody 109,64,553,62,600,72,534,64,549,67,513,62,551,60,559,69,537
Random melody 110,64,521,64,524,64,558,62,537,72,550,72,592,67,554,60,528
Random melody 111,67,550,65,579,69,539,65,536,60,502,71,517,72,569,60,562
Random melody 112,64,523,65,560,71,573,60,545,62,576,72,551,69,512,62,509
Random melody 113,71,559,60,513,67,567,60,555,71,591,60,550,60,555,62,515
Random melody 114,67,511,69,548,67,554,67,570,60,521,69,576,72,549,64,596
Random melody 115,64,519,67,552,65,533,64,577,69,514,69,590,71,519,71,573
Random melody 116,62,580,69,592,72,517,64,564,62,501,72,518,71,572,62,585
Random melody 117,64,591,67,521,60,514,67,576,69,578,67,527,72,568,72,550
Random melody 118,67,532,69,559,69,533,65,536,65,583,64,586,72,542,65,577
Random melody 119,69,502,62,527,69,566,65,557,72,543,62,554,64,559,64,586
Random melody 120,65,506,65,567,60,536,67,585,67,568,65,574,64,520,67,539
Random melody 121,65,541,65,560,64,583,65,511,69,504,60,594,64,532,71,560
Random melody 122,65,570,72,568,64,596,64,555,72,592,71,511,69,501,62,528
Random melody 123,64,559,65,557,65,518,72,583,62,505,72,502,71,501,72,527
Random melody 124,62,516,65,533,64,534,72,594,64,594,62,552,72,600,72,540
Random melody 125,62,549,69,518,67,600,62,577,72,574,69,533,69,512,69,584
Random melody 126,67,568,69,559,65,575,60,527,62,512,64,517,62,581,60,527
Random melody 127,65,528,69,596,60,597,71,502,67,543,64,528,69,513,64,523
Random melody 128,62,582,67,581,69,546,60,583,69,563,71,586,65,551,65,538
Random melody 129,60,588,65,507,67,568,71,598,69,531,69,584,64,504,69,597
Random melody 130,72,519,72,552,71,572,72,592,60,534,62,559,65,578,62,592
Random melody 131,62,537,71,570,65,519,71,557,62,510,67,597,69,518,71,508
Random melody 132,65,592,60,599,64,506,71,587,67,572,71,519,65,513,65,536
Random melody 133,67,502,72,500,65,569,64,537,72,596,62,562,71,570,60,584
Random melody 134,65,521,65,550,71,591,69,597,67,567,69,579,69,520,69,500
Random melody 135,72,515,71,539,62,525,62,523,69,554,65,503,69,537,64,589
Random melody 136,60,503,69,514,72,566,62,595,72,568,62,568,65,522,60,522
Random melody 137,62,569,62,547,72,530,69,599,64,528,62,534,71,539,65,560
Random melody 138,67,510,62,553,72,530,72,521,67,564,71,535,64,522,72,501
Random melody 139,62,593,65,573,67,560,72,585,71,510,60,514,65,569,72,594
Random melody 140,69,522,65,572,60,599,71,582,64,599,60,512,64,527,64,539
Random melody 141,65,541,60,571,65,590,65,533,62,564,67,569,65,505,60,588
Random melody 142,60,557,64,545,62,519,62,574,62,538,64,538,65,586,62,538
Random melody 143,67,574,67,556,69,547,71,597,64,546,64,566,65,513,67,587
Random melody 144,62,549,60,504,67,558,69,598,71,569,65,554,64,529,64,513
Random melody 145,60,549,65,564,65,528,71,551,71,520,65,529,62,575,60,599
Random melody 146,65,524,60,555,65,580,67,583,65,558,62,587,62,519,62,532
Random melody 147,65,532,64,550,60,561,60,555,71,504,64,512,71,598,65,508
Random melody 148,72,576,64,598,60,540,60,556,65,565,69,517,62,506,60,539
Random melody 149,69,539,72,518,60,538,60,544,72,511,72,559,69,597,64,561
Random melody 150,62,515,72,522,64,514,69,537,72,514,67,587,64,516,67,549
Random melody 151,65,501,65,544,72,555,72,570,71,598,62,503,65,570,64,571
Random melody 152,69,545,67,547,64,568,71,509,71,509,62,574,60,567,64,501
Random melody 153,65,534,71,581,71,575,65,519,65,594,67,583,69,508,72,510
Random melody 154,62,581,65,563,72,549,65,577,67,582,62,571,67,539,64,587
Random melody 155,65,565,72,549,60,570,60,523,60,530,72,527,71,596,60,514
Random melody 156,62,551,69,587,69,552,64,589,67,507,64,523,69,567,67,530
Random melody 157,69,561,67,519,72,512,62,583,71,563,71,513,64,537,67,561
Random melody 158,71,589,60,572,67,535,69,535,72,514,60,557,69,598,71,535
Random melody 159,69,600,72,545,69,505,65,573,72,565,69,580,64,516,69,575
Random melody 160,62,540,72,513,62,563,62,566,64,569,60,594,65,568,62,537
Random melody 161,71,595,65,582,69,551,64,544,65,564,65,537,64,525,71,575
Random melody 162,72,512,67,553,67,574,71,520,69,594,65,582,60,536,69,595
Random melody 163,69,524,60,522,62,569,71,567,60,528,69,514,67,589,72,595
Random melody 164,71,542,67,521,72,545,69,571,65,506,69,539,69,548,62,542
Random melody 165,69,500,72,555,65,537,65,572,69,528,72,586,67,512,65,528
Random melody 166,67,518,62,532,65,528,67,562,65,525,71,594,72,521,72,597
Random melody 167,65,529,71,516,71,592,69,573,65,584,67,566,60,566,72,551
Random melody 168,69,555,71,597,65,542,71,561,69,579,72,539,71,581,65,510
Random melody 169,62,510,69,534,69,565,67,575,67,567,67,544,72,501,60,522
Random melody 170,71,543,71,569,69,570,67,510,64,560,67,539,69,588,62,584
Random melody 171,65,581,71,574,64,542,60,515,62,515,64,588,64,569,67,562
Random melody 172,67,564,72,576,64,563,72,568,64,574,65,564,72,528,64,568
Random melody 173,69,532,60,598,71,530,60,554,72,596,72,555,71,589,69,501
Random melody 174,60,582,64,565,65,534,65,511,72,536,62,600,67,579,60,520
Random melody 175,67,560,60,517,64,581,62,509,62,519,71,571,64,587,69,543
Random melody 176,67,555,67,510,62,533,64,587,65,523,60,588,62,595,65,569
Random melody 177,60,594,71,545,69,535,67,508,62,534,69,542,64,567,64,560
Random melody 178,65,543,62,574,67,531,65,596,65,593,62,572,71,532,60,511
Random melody 179,67,579,67,509,62,551,65,554,62,527,69,554,60,591,62,504
Random melody 180,65,534,72,521,60,559,69,577,64,549,71,507,65,508,71,593
Random melody 181,60,564,64,542,62,563,60,588,67,523,67,600,65,579,65,555
Random melody 182,62,539,60,531,67,546,65,533,69,517,65,592,62,541,71,570
Random melody 183,62,553,71,533,67,524,65,556,65,549,62,592,60,549,71,595
Random melody 184,62,542,72,531,64,559,64,522,62,520,69,540,64,583,60,540
Random melody 185,60,567,60,537,67,533,72,580,62,580,65,531,67,547,60,582
Random melody 186,71,520,64,523,64,579,72,551,64,580,71,552,72,566,69,510
Random melody 187,62,503,62,570,72,530,71,555,62,546,60,527,67,535,67,513
Random melody 188,71,515,71,548,69,562,65,582,72,580,60,515,60,526,64,588
Random melody 189,60,599,60,580,62,572,65,517,62,524,71,599,60,592,71,540
Random melody 190,67,506,62,500,71,558,60,519,64,580,65,560,64,588,64,593
Random melody 191,69,523,64,539,69,597,69,549,71,538,67,515,67,599,60,580
Random melody 192,67,529,67,590,69,526,69,564,67,592,62,574,62,583,65,553
Random melody 193,65,593,67,504,69,594,60,591,71,500,64,525,60,515,72,547
Random melody 194,71,584,67,508,60,552,69,501,65,551,67,530,62,562,71,515
Random melody 195,67,576,72,512,69,569,67,528,67,505,71,597,69,590,62,573
Random melody 196,65,564,62,544,71,501,72,540,62,535,65,522,69,547,62,516
Random melody 197,69,570,67,577,67,552,72,568,65,583,69,513,72,566,72,518
Random melody 198,71,556,69,547,60,567,64,590,65,547,67,575,65,563,64,570
Random melody 199,67,545,71,592,67,503,71,591,60,587,65,521,62,500,64,537
Random melody 200,65,525,67,550,67,555,65,524,64,520,69,584,71,525,72,577
Random melody 201,69,527,67,515,72,514,64,506,62,546,71,566,62,589,62,568
Random melody 202,62,595,71,580,72,581,64,515,71,503,64,582,67,598,64,538
Random melody 203,67,550,64,554,69,567,60,515,65,502,60,595,62,521,69,598
Random melody 204,65,515,71,537,71,505,64,566,67,595,71,593,65,539,69,555
Random melody 205,67,556,64,573,64,586,65,562,65,583,67,522,67,555,67,566
Random melody 206,64,516,65,561,64,521,67,515,65,547,69,600,64,506,60,539
Random melody 207,62,527,60,522,62,558,60,517,69,589,60,512,64,551,62,578
Random melody 208,62,574,64,510,69,575,71,530,65,587,64,574,60,520,65,571
Random melody 209,65,501,71,526,69,550,71,534,69,549,67,564,60,594,64,522
Random melody 210,69,574,60,555,64,523,67,570,72,591,65,546,65,563,65,535
Random melody 211,64,565,67,531,67,506,72,527,67,558,65,558,72,596,71,529
Random melody 212,71,580,69,534,65,569,69,513,64,573,72,530,67,527,62,573
Random melody 213,71,534,65,542,62,598,69,515,67,518,69,554,72,543,69,578
Random melody 214,72,591,72,597,72,568,62,572,62,552,69,593,64,531,67,537
Random melody 215,60,535,62,513,69,548,67,562,65,502,64,591,65,563,64,502
Random melody 216,72,518,71,506,64,594,65,530,71,548,60,501,65,596,69,531
Random melody 217,72,517,65,571,65,554,60,597,67,571,67,537,62,593,71,555
Random melody 218,69,514,69,589,65,569,67,544,64,516,67,580,67,525,65,586
Random melody 219,71,579,72,595,72,566,71,511,67,563,60,589,62,513,72,530
Random melody 220,60,509,71,562,64,588,69,523,69,544,72,530,72,506,65,591
Random melody 221,69,544,64,528,62,509,72,555,69,550,69,555,72,582,62,518
Random melody 222,69,582,72,558,64,551,69,559,64,584,71,588,71,550,65,563
Random melody 223,64,512,67,570,64,598,72,542,62,585,67,568,64,550,67,594
Random melody 224,67,557,60,519,65,513,72,544,64,519,72,597,71,580,69,565
Random melody 225,71,505,71,573,62,539,60,529,62,599,69,543,67,514,67,532
Random melody 226,67,549,69,547,71,579,64,537,65,549,64,504,72,506,64,578
Random melody 227,60,546,60,539,71,583,71,531,67,522,69,516,67,512,67,545
Random melody 228,67,579,60,554,67,521,71,553,67,541,60,597,72,582,62,520
Random melody 229,72,599,60,544,72,570,72,559,62,507,67,588,64,505,67,564
Random melody 230,60,500,62,524,65,571,65,584,60,567,60,586,67,512,64,584
Random melody 231,64,596,69,502,71,526,60,552,60,561,67,522,62,581,67,596
Random melody 232,60,536,62,527,65,518,62,546,65,501,62,541,62,532,67,519
Random melody 233,72,592,62,591,72,528,72,529,65,576,62,591,69,504,71,538
Random melody 234,67,509,71,513,65,564,71,528,65,581,60,506,64,560,60,518
Random melody 235,62,572,67,536,72,578,67,506,60,554,71,544,60,591,60,529
Random melody 236,60,543,72,530,65,573,72,562,62,541,72,597,67,548,64,586
Random melody 237,64,523,67,524,60,502,62,517,62,569,69,510,65,519,67,535
Random melody 238,62,572,67,541,62,563,67,515,62,568,60,523,65,595,67,548
Random melody 239,71,566,69,507,72,533,65,590,72,531,71,534,72,509,71,511
Random melody 240,67,501,69,514,65,502,69,580,72,577,64,527,71,579,67,503
Random melody 241,60,571,72,598,62,578,72,595,62,594,69,569,69,585,64,546
Random melody 242,64,534,72,588,67,541,62,586,64,503,71,532,65,600,65,557
Random melody 243,72,519,62,510,67,508,64,584,60,567,60,546,65,559,60,573
Random melody 244,60,518,72,599,69,511,72,539,64,569,72,556,67,539,67,546
Random melody 245,62,590,67,500,64,549,62,523,60,564,67,565,65,585,69,551
Random melody 246,72,505,62,529,72,508,71,573,67,535,65,514,72,526,64,593
Random melody 247,69,582,64,512,64,585,69,531,65,511,62,582,69,558,72,513
Random melody 248,71,529,64,589,72,516,60,554,72,507,65,572,65,558,72,519
Random melody 249,72,589,62,531,64,541,64,570,64,510,71,501,60,537,62,591
Random melody 250,69,504,69,572,64,570,64,549,69,574,72,587,71,519,67,500
Random melody 251,64,507,64,529,65,586,62,515,69,540,64,512,65,548,62,587
Random melody 252,67,525,62,556,64,536,65,574,71,571,67,500,69,552,62,521
Random melody 253,72,594,60,547,67,512,65,599,62,519,67,520,67,529,64,554
Random melody 254,69,512,64,519,72,556,60,529,67,544,71,507,67,599,65,525
Random melody 255,71,588,65,536,64,504,72,562,72,581,62,553,60,591,72,516
Random melody 256,71,516,67,552,62,584,72,597,72,530,72,577,60,592,65,538
Random melody 257,67,530,67,594,67,510,72,509,62,525,65,569,64,513,71,555
Random melody 258,62,564,62,538,64,524,72,534,64,565,69,589,64,518,72,539
Random melody 259,60,561,67,592,64,570,62,513,72,571,60,587,71,590,67,600
Random melody 260,72,506,64,572,64,554,60,506,69,544,60,523,72,508,62,541
Random melody 261,60,583,65,579,69,534,72,514,64,551,62,530,72,517,67,579
Random melody 262,65,580,67,547,72,558,65,574,69,549,69,550,62,563,60,593
Random melody 263,71,594,62,556,62,517,69,503,72,555,62,570,72,574,67,568
Random melody 264,62,563,60,547,65,575,62,526,60,550,64,535,71,541,72,543
Random melody 265,60,560,72,528,60,526,71,541,60,565,62,570,71,593,67,539
Random melody 266,60,565,62,544,64,591,71,512,64,600,72,520,65,593,65,520
Random melody 267,72,560,60,585,67,591,65,596,64,595,60,523,62,562,64,524
Random melody 268,62,508,62,511,67,513,72,557,62,545,65,521,64,532,71,514
Random melody 269,62,522,69,528,60,591,62,523,62,538,67,552,60,506,67,500
Random melody 270,65,576,69,521,62,513,60,515,65,528,62,537,65,590,62,564
Random melody 271,69,509,62,514,62,592,67,519,65,500,65,593,72,526,65,548
Random melody 272,72,511,65,571,60,508,64,578,72,557,65,539,62,598,65,511
Random melody 273,62,557,72,527,64,514,71,546,72,510,60,526,67,547,64,517
Random melody 274,64,502,62,569,62,526,71,539,60,501,60,518,64,591,67,529
Random melody 275,69,587,67,516,71,530,62,574,67,511,64,504,67,528,71,592
Random melody 276,62,557,60,551,64,551,67,578,60,541,62,588,62,518,62,572
Random melody 277,62,583,62,596,65,568,65,514,65,586,67,578,69,559,67,590
Random melody 278,65,584,69,541,64,567,64,592,65,598,72,528,67,520,69,581
Random melody 279,69,541,72,549,65,549,60,549,71,539,62,536,60,567,60,532
Random melody 280,60,514,60,501,64,502,67,548,72,546,65,567,65,523,64,582
Random melody 281,62,538,64,504,62,577,69,503,67,546,60,592,65,560,60,571
Random melody 282,69,505,64,532,72,561,69,578,65,526,60,594,67,574,65,528
Random melody 283,71,502,69,579,64,526,72,518,64,578,67,569,65,588,67,517
Random melody 284,65,559,60,523,69,530,71,510,60,574,60,522,69,600,64,584
Random melody 285,64,551,72,507,62,586,64,546,60,577,71,590,67,557,60,575
Random melody 286,67,564,62,518,69,565,72,594,60,594,71,577,72,528,67,563
Random melody 287,64,565,62,597,69,588,65,544,72,600,64,507,65,585,65,511
Random melody 288,72,595,67,593,65,577,67,571,72,599,71,578,64,535,60,549
Random melody 289,69,560,64,535,62,513,69,561,62,538,60,505,69,516,60,510
Random melody 290,64,524,71,522,67,580,60,535,67,561,62,545,69,531,65,526
Random melody 291,71,580,60,579,64,543,60,597,62,500,67,519,60,526,62,558
Random melody 292,60,511,60,567,71,548,67,590,64,514,62,528,72,599,62,536
Random melody 293,60,520,69,562,64,514,64,533,69,559,64,561,72,532,62,587
Random melody 294,72,566,72,574,62,567,72,583,64,545,65,528,72,597,69,567
Random melody 295,62,527,72,542,72,509,64,509,69,559,64,554,72,520,71,510
Random melody 296,71,584,65,545,71,551,64,589,64,534,71,572,67,572,62,561
Random melody 297,65,510,62,565,69,526,67,533,64,540,71,595,62,504,60,523
Random melody 298,65,556,65,526,62,518,72,509,72,564,67,554,67,584,69,580
Random melody 299,64,542,69,592,65,546,65,509,64,599,65,593,71,504,62,531
Random melody 300,60,534,72,502,69,531,64,599,65,582,60,506,60,519,67,504
Random melody 301,67,564,71,555,62,515,62,597,64,529,62,546,64,578,69,558
Random melody 302,67,508,69,543,69,534,69,586,65,580,65,514,71,580,62,548
Random melody 303,65,584,60,586,65,545,65,508,67,512,72,584,60,578,67,528
Random melody 304,62,571,65,505,72,506,65,572,62,580,64,577,60,595,71,530
Random melody 305,62,545,62,588,69,552,72,557,64,507,69,547,67,574,65,536
Random melody 306,72,534,71,546,62,519,72,570,60,582,69,552,65,500,65,595
Random melody 307,72,544,64,524,60,527,60,520,67,522,62,552,62,600,60,576
Random melody 308,71,535,69,584,69,550,64,563,67,585,65,598,67,566,71,506
Random melody 309,65,583,62,567,69,505,71,511,67,507,72,509,71,550,69,534
Random melody 310,64,531,72,599,72,515,64,593,64,577,69,594,65,572,64,514
Random melody 311,71,596,69,557,71,540,60,539,72,565,69,543,64,529,69,569
Random melody 312,72,582,62,534,65,571,60,525,71,596,72,595,60,506,67,559
Random melody 313,62,500,67,574,72,500,60,520,71,557,65,531,67,587,64,557
Random melody 314,67,577,60,547,62,529,62,530,71,574,67,523,65,521,64,528
Random melody 315,71,547,72,546,71,522,62,526,64,521,65,522,65,587,67,542
Random melody 316,67,582,67,571,60,513,69,572,67,570,65,553,62,509,69,508
Random melody 317,62,564,71,509,67,581,62,570,60,594,64,563,72,584,72,527
Random melody 318,72,523,71,540,65,524,60,501,72,502,64,583,64,535,65,591
Random melody 319,67,581,62,558,69,563,69,551,67,583,64,534,64,599,65,582
Random melody 320,69,508,64,575,72,595,71,598,67,527,67,525,69,536,64,583
Random melody 321,60,508,64,526,67,511,67,540,60,569,65,598,62,571,60,598
Random melody 322,65,512,69,556,62,592,72,556,64,502,62,508,72,502,64,500
Random melody 323,62,556,67,571,69,513,69,552,69,554,72,534,69,596,60,584
Random melody 324,67,597,64,542,60,540,72,515,71,583,72,533,69,506,65,539
Random melody 325,64,541,72,552,71,595,69,586,62,535,64,583,71,523,62,553
Random melody 326,67,521,72,512,72,543,62,561,69,511,62,558,69,527,71,524
Random melody 327,65,550,60,588,67,517,71,592,62,550,62,534,65,599,65,577
Random melody 328,67,549,71,506,65,596,60,582,60,580,62,500,71,598,67,581
Random melody 329,60,503,62,515,67,537,67,583,62,542,60,578,65,558,64,506
Random melody 330,64,519,65,549,60,519,67,546,60,506,62,506,72,587,62,592
Random melody 331,65,554,67,571,64,580,67,533,65,514,62,531,60,535,69,510
Random melody 332,72,514,65,555,62,501,65,573,60,598,62,589,64,587,69,562
Random melody 333,60,541,65,583,67,534,65,588,67,573,72,542,69,542,69,576
Random melody 334,69,574,60,594,72,581,67,596,65,547,65,518,67,529,64,580
Random melody 335,72,542,67,502,64,596,71,504,71,591,67,522,62,522,65,532
Random melody 336,67,588,65,589,71,567,71,559,60,560,64,542,67,521,62,503
Random melody 337,67,600,71,548,67,592,62,535,67,570,72,500,67,596,67,567
Random melody 338,69,525,72,530,71,585,64,561,72,505,67,560,72,593,69,549
Random melody 339,60,574,72,552,60,582,67,535,67,552,72,545,62,580,62,562
Random melody 340,64,574,72,543,71,509,67,575,60,595,62,514,72,569,72,584
Random melody 341,72,567,67,566,72,578,60,533,60,505,71,527,60,572,65,501
Random melody 342,64,568,60,576,69,514,60,552,71,587,67,555,65,512,64,585
Random melody 343,64,538,65,534,64,589,69,569,65,560,62,555,67,585,65,511
Random melody 344,64,568,64,529,67,527,67,518,69,593,64,557,64,520,69,521
Random melody 345,65,501,72,539,65,548,69,579,64,592,71,572,69,549,72,532
Random melody 346,65,548,71,508,60,542,65,600,69,520,64,514,67,570,67,501
Random melody 347,69,578,71,599,60,523,72,518,72,542,60,521,62,590,64,591
Random melody 348,72,528,71,552,69,560,64,528,64,573,71,535,72,578,69,587
Random melody 349,64,582,65,573,60,507,62,538,60,597,62,556,64,507,60,517
Random melody 350,62,501,69,518,60,570,64,505,62,576,71,534,64,584,72,512
Random melody 351,72,552,72,516,65,559,64,586,69,546,71,597,69,552,64,560
Random melody 352,60,585,72,518,65,577,62,574,62,532,71,525,62,589,64,541
Random melody 353,60,596,64,520,60,500,72,560,72,542,71,520,67,546,67,577
Random melody 354,72,578,62,536,69,562,60,504,67,522,65,577,67,578,64,516
Random melody 355,64,567,69,512,69,579,65,550,64,592,71,544,65,504,62,506
Random melody 356,62,580,72,581,72,502,72,581,69,513,60,528,72,540,64,578
Random melody 357,64,543,64,575,67,532,60,597,72,580,67,589,60,548,69,553
Random melody 358,65,517,64,599,65,575,65,558,67,542,69,581,65,513,65,555
Random melody 359,67,523,67,569,62,593,64,567,71,573,72,538,67,544,71,573
Random melody 360,62,536,65,516,71,509,69,507,69,571,69,546,62,592,67,517
Random melody 361,72,552,60,549,62,582,69,554,69,534,71,547,65,540,64,587
Random melody 362,62,586,64,540,65,571,67,519,67,557,65,598,64,562,60,576
Random melody 363,69,532,69,552,72,593,71,586,71,596,60,581,60,552,71,580
Random melody 364,72,520,71,586,72,566,71,568,64,546,72,519,60,572,65,588
Random melody 365,62,584,71,502,72,513,67,507,64,593,62,544,62,520,64,532
Random melody 366,64,555,67,586,60,583,65,512,60,539,62,565,65,592,67,537
Random melody 367,72,536,64,534,65,590,72,508,67,504,64,550,62,582,60,585
Random melody 368,64,504,64,557,60,537,72,527,65,537,67,578,64,552,72,574
Random melody 369,71,559,71,572,72,573,60,517,69,559,71,562,71,599,69,585
Random melody 370,69,569,69,515,72,540,65,536,67,563,62,548,60,587,65,521
Random melody 371,65,597,69,508,71,560,64,512,69,564,69,510,65,578,69,528
Random melody 372,71,565,69,519,69,562,69,574,71,559,71,580,65,585,72,546
Random melody 373,62,562,71,510,60,530,67,574,60,592,67,536,69,514,71,537
Random melody 374,64,595,64,568,64,564,67,551,67,531,72,569,69,552,71,548
Random melody 375,69,519,67,521,65,597,64,511,71,597,60,587,64,518,71,545
Random melody 376,69,522,65,583,72,512,64,584,72,566,69,520,67,507,69,548
Random melody 377,64,530,67,511,69,504,65,561,67,509,71,568,69,571,67,504
Random melody 378,67,513,72,560,69,547,72,554,65,551,64,530,67,561,69,576
Random melody 379,71,532,69,529,62,540,62,588,69,550,69,529,69,552,71,549
Random melody 380,64,522,62,504,71,551,67,524,65,502,72,561,69,589,67,513
Random melody 381,64,541,60,564,67,527,72,546,64,582,71,569,64,563,72,571
Random melody 382,60,533,69,511,65,544,62,533,72,587,65,597,71,548,71,523
Random melody 383,62,585,65,535,71,534,64,513,67,505,65,524,65,515,69,592
Random melody 384,65,583,71,535,67,504,67,562,65,511,62,511,67,566,69,540
Random melody 385,64,590,71,560,69,519,65,546,62,505,69,584,62,565,72,572
Random melody 386,64,596,62,521,67,562,67,538,64,545,67,536,71,556,71,594
Random melody 387,71,528,62,546,60,593,67,512,67,571,72,505,60,572,72,569
Random melody 388,65,587,71,502,65,506,71,515,62,588,64,571,71,576,65,548
Random melody 389,71,578,69,589,64,586,72,600,65,584,64,553,65,520,62,564
Random melody 390,64,542,71,511,71,523,62,554,72,567,64,544,62,507,67,526
Random melody 391,69,504,60,595,72,592,67,555,71,573,72,524,67,536,65,580
Random melody 392,72,518,60,580,60,600,72,576,69,508,72,581,67,580,72,527
Random melody 393,72,502,69,577,62,526,71,506,67,568,62,591,64,558,67,582
Random melody 394,67,535,69,536,67,585,60,538,71,594,65,559,65,502,71,563
Random melody 395,62,512,69,536,60,558,67,527,67,569,69,532,60,557,72,505
Random melody 396,67,571,71,512,64,573,72,535,60,596,62,530,67,508,62,510
Random melody 397,64,559,71,560,64,559,65,568,65,525,67,524,64,502,71,545
Random melody 398,65,537,67,592,62,579,67,579,64,563,62,600,72,508,69,583
Random melody 399,60,591,64,517,64,562,67,537,71,590,62,503,60,505,72,573
Random melody 400,67,597,60,599,64,502,62,555,64,566,72,599,71,554,71,561
Random melody 401,64,522,67,533,64,598,64,543,71,570,71,526,71,565,62,533
Random melody 402,65,505,62,501,69,596,67,529,65,592,72,512,60,580,71,551
Random melody 403,62,566,71,525,67,530,65,534,67,552,69,540,71,561,60,536
Random melody 404,60,581,62,509,72,583,64,502,64,562,69,501,64,544,72,589
Random melody 405,69,561,72,591,60,594,67,587,62,574,72,599,72,525,64,509
Random melody 406,69,514,67,511,62,516,65,592,60,500,72,581,67,543,65,597
Random melody 407,64,572,65,585,62,539,69,572,72,524,69,564,62,573,64,553
Random melody 408,72,573,69,581,71,586,69,535,65,525,64,589,71,511,69,510
Random melody 409,60,512,60,517,67,588,60,533,62,527,64,509,65,539,64,585
Random melody 410,60,573,64,561,67,531,60,594,71,594,60,571,65,505,71,599
Random melody 411,65,506,71,518,60,553,65,555,62,542,71,572,72,590,64,510
Random melody 412,72,503,69,531,62,546,60,509,69,586,60,524,62,535,62,581
Random melody 413,71,589,72,512,69,587,72,534,64,545,67,556,65,513,65,505
Random melody 414,62,515,65,514,71,518,71,596,60,522,72,542,67,510,69,576
Random melody 415,64,558,69,594,67,564,72,502,60,513,72,542,60,591,62,517
Random melody 416,67,570,67,535,65,517,65,576,62,506,71,524,62,523,67,553
Random melody 417,71,548,69,564,64,596,67,500,60,552,67,535,60,542,64,520
Random melody 418,60,567,65,584,62,598,65,562,72,560,69,520,69,575,64,578
Random melody 419,71,545,65,587,69,569,65,578,60,509,64,524,72,591,60,515
Random melody 420,71,598,64,562,72,533,67,522,71,500,69,562,69,501,72,578
Random melody 421,64,579,60,592,62,519,69,541,62,590,69,540,65,564,71,569
Random melody 422,69,540,62,596,71,512,60,597,67,516,62,550,60,526,72,537
Random melody 423,60,522,71,549,60,549,64,552,69,561,69,552,65,568,65,583
Random melody 424,72,561,72,573,69,558,62,567,62,571,65,546,71,510,67,515
Random melody 425,67,575,64,586,71,561,72,584,67,573,72,531,60,518,72,582
Random melody 426,71,565,64,515,65,553,64,538,67,559,71,588,62,519,62,572
Random melody 427,62,533,62,517,64,569,64,501,69,515,72,563,71,531,64,549
Random melody 428,62,598,62,542,71,543,69,521,69,501,64,553,65,524,62,517
Random melody 429,62,550,67,587,72,519,62,578,71,503,65,502,60,600,64,506
Random melody 430,65,530,67,544,64,568,64,596,60,597,67,551,69,593,67,571
Random melody 431,67,564,65,519,65,560,72,561,60,506,72,562,72,533,60,541
Random melody 432,72,600,65,536,67,535,60,508,60,542,72,509,67,548,71,514
Random melody 433,72,589,67,510,65,508,65,577,64,583,67,535,67,594,64,560
Random melody 434,64,520,69,543,69,579,65,561,72,557,67,544,72,586,69,518
Random melody 435,71,528,65,528,62,569,72,577,67,548,60,588,67,542,67,554
Random melody 436,60,554,64,523,67,562,69,521,62,529,62,563,71,539,65,529
Random melody 437,69,541,71,542,71,596,71,539,64,581,65,549,62,562,69,510
Random melody 438,71,545,71,530,60,564,69,598,67,547,64,509,72,553,60,577
Random melody 439,67,592,67,571,62,551,69,547,71,513,71,534,65,525,69,581
Random melody 440,62,546,69,567,64,522,62,506,71,545,72,512,62,512,69,594
Random melody 441,67,529,65,551,72,521,71,560,67,517,71,507,71,553,64,546
Random melody 442,71,526,64,555,62,600,64,547,71,556,72,520,71,592,60,562
Random melody 443,67,564,62,580,60,530,64,558,62,571,72,562,65,509,72,580
Random melody 444,64,505,67,506,65,511,60,580,69,555,71,594,69,521,72,530
Random melody 445,72,512,64,512,71,555,60,544,60,558,64,527,72,565,69,508
Random melody 446,62,508,71,523,72,527,69,538,62,568,69,558,65,589,64,522
Random melody 447,62,500,65,511,64,541,72,535,71,530,65,525,60,589,72,510
Random melody 448,67,530,67,599,72,598,64,558,69,515,62,555,60,546,69,583
Random melody 449,67,580,64,535,69,505,67,565,65,581,72,575,62,554,67,501
Random melody 450,62,571,67,528,62,582,65,579,65,525,60,591,64,510,67,502
Random melody 451,72,544,65,573,71,537,67,573,72,557,65,504,62,596,69,589
Random melody 452,67,544,71,600,64,579,65,500,64,538,60,531,71,506,65,516
Random melody 453,69,537,64,531,62,538,71,519,60,507,64,579,67,525,62,506
Random melody 454,64,582,65,544,67,586,64,581,72,542,64,571,69,571,71,582
Random melody 455,65,528,71,535,65,596,67,594,64,554,67,533,65,505,72,580
Random melody 456,72,549,72,597,69,587,60,530,65,597,60,500,67,533,67,537
Random melody 457,64,524,69,571,64,505,64,523,69,597,72,599,72,511,62,560
Random melody 458,64,545,67,533,72,500,67,574,62,532,65,579,69,522,64,507
Random melody 459,62,557,65,509,62,523,72,549,72,552,72,500,62,542,64,586
Random melody 460,69,566,64,552,60,507,67,589,62,516,60,570,72,556,72,576
Random melody 461,64,508,72,511,64,506,64,516,72,537,64,567,72,584,64,568
Random melody 462,60,589,65,513,67,500,65,570,65,594,65,578,71,590,60,595
Random melody 463,60,547,60,509,72,552,60,570,65,562,69,562,65,550,60,595
Random melody 464,69,502,62,574,64,584,64,551,67,574,72,526,67,548,67,519
Random melody 465,71,585,62,572,60,512,62,600,64,599,62,512,62,560,72,559
Random melody 466,65,597,71,600,62,579,67,533,67,522,65,579,65,572,72,584
Random melody 467,65,565,64,530,69,598,71,523,62,572,64,524,65,524,64,501
Random melody 468,60,594,60,554,65,508,64,517,67,581,67,510,67,535,60,501
Random melody 469,72,584,62,503,72,543,71,514,69,585,72,588,69,565,62,572
Random melody 470,72,540,60,569,64,541,60,501,69,560,67,531,64,571,62,596
Random melody 471,65,546,67,528,69,571,64,569,60,582,69,589,62,577,71,547
Random melody 472,69,597,64,574,62,568,67,541,69,514,64,572,69,541,64,507
Random melody 473,69,562,67,542,69,583,72,594,64,513,65,591,72,551,65,579
Random melody 474,72,526,71,537,65,514,67,569,60,508,71,509,62,571,72,532
Random melody 475,60,598,60,560,69,573,60,571,62,516,72,555,65,544,65,549
Random melody 476,69,520,60,564,65,507,65,563,62,581,67,513,60,570,60,581
Random melody 477,64,559,71,573,72,548,72,572,71,547,62,500,72,541,71,574
Random melody 478,65,510,69,516,69,600,62,523,62,545,71,547,69,513,65,530
Random melody 479,64,567,64,576,69,580,71,577,72,547,71,524,69,598,62,572
Random melody 480,65,500,65,511,72,500,62,545,72,567,71,598,67,504,71,510
Random melody 481,60,558,71,569,69,597,64,565,67,563,67,554,72,596,64,522
Random melody 482,65,528,67,539,71,600,72,529,65,515,71,543,69,588,64,529
Random melody 483,69,562,71,519,72,550,72,572,72,596,60,506,67,509,67,500
Random melody 484,60,518,67,592,71,576,67,548,69,564,64,562,67,549,67,532
Random melody 485,72,556,65,526,62,503,62,597,65,518,69,528,60,562,69,527
Random melody 486,60,537,60,549,69,578,65,506,64,582,65,576,60,584,62,551
Random melody 487,71,536,67,552,65,528,67,595,72,509,62,501,72,584,64,545
Random melody 488,62,570,60,556,72,567,67,581,65,577,71,593,69,579,67,534
Random melody 489,72,579,72,590,69,590,67,572,72,591,69,531,65,501,60,564
Random melody 490,69,535,62,550,62,600,60,526,65,541,60,518,71,514,67,544
Random melody 491,65,582,64,533,65,509,69,554,64,519,65,580,62,553,67,564
Random melody 492,62,514,72,505,62,562,67,597,67,581,72,550,65,591,60,585
Random melody 493,62,599,62,527,72,578,64,576,69,552,67,541,60,507,67,587
Random melody 494,72,539,72,560,62,571,67,588,60,511,72,581,65,527,67,533
Random melody 495,64,590,71,568,65,580,69,532,60,521,72,554,65,500,65,591
Random melody 496,60,523,65,516,64,506,67,515,64,586,60,555,72,527,62,502
Random melody 497,72,501,62,560,69,506,71,525,62,597,60,544,71,542,69,530
Random melody 498,64,546,65,538,67,559,60,523,67,540,64,583,65,585,72,546
Random melody 499,60,543,67,545,62,592,72,502,69,522,67,526,64,593,62,579
Random melody 500,67,592,71,516,67,514,65,542,60,557,72,521,69,502,65,580
Random melody 501,62,587,62,504,60,511,69,526,62,565,60,575,64,557,67,548
Random melody 502,60,593,64,509,64,522,72,555,60,541,67,559,65,577,65,573
Random melody 503,65,586,71,519,67,555,72,516,62,595,72,562,64,500,62,536
Random melody 504,67,572,71,570,62,522,71,539,69,562,71,535,65,575,60,540
Random melody 505,71,598,60,503,64,581,65,518,72,594,69,561,64,589,60,593
Random melody 506,69,508,69,533,62,590,64,503,71,537,62,547,60,564,65,526
Random melody 507,67,544,60,507,65,535,69,585,69,526,69,592,62,535,60,506
Random melody 508,62,600,65,532,60,541,62,543,65,596,67,541,64,570,64,529
Random melody 509,67,544,64,590,62,528,62,563,62,583,69,541,62,502,62,540
Random melody 510,71,572,69,536,72,564,64,536,71,560,64,545,72,590,72,521
Random melody 511,65,544,62,560,64,544,60,550,60,552,71,557,69,557,60,514
Random melody 512,64,589,62,575,65,590,67,567,71,572,71,593,67,500,71,505
Random melody 513,72,539,60,546,64,587,62,566,65,576,64,577,60,502,64,580
Random melody 514,60,557,72,559,71,503,60,575,67,544,62,514,69,594,72,549
Random melody 515,67,575,71,520,62,585,62,585,65,600,62,566,60,588,69,586
Random melody 516,64,551,60,596,64,553,60,600,67,553,65,564,71,554,65,545
Random melody 517,64,510,65,514,60,538,60,592,65,517,62,550,69,557,62,576
Random melody 518,65,554,60,503,72,572,72,587,65,549,72,531,60,559,62,563
Random melody 519,72,540,67,558,65,567,71,516,69,578,65,530,64,508,65,600
Random melody 520,72,592,62,592,65,553,65,551,65,564,69,535,67,524,72,536
Random melody 521,69,542,60,590,67,525,62,571,64,547,67,554,62,516,64,569
Random melody 522,64,586,67,508,62,596,71,510,65,598,71,550,69,594,62,529
Random melody 523,71,581,64,508,62,505,65,519,65,548,71,519,65,586,71,581
Random melody 524,72,588,69,506,65,510,72,536,71,532,67,584,71,598,67,561
Random melody 525,71,576,72,544,64,586,71,530,67,547,67,567,60,593,65,561
Random melody 526,71,598,71,597,65,507,64,569,69,551,71,529,69,581,71,508
Random melody 527,72,539,69,571,60,589,64,550,71,532,72,522,64,503,72,517
Random melody 528,65,568,65,549,65,571,67,596,64,506,60,501,62,561,64,580
Random melody 529,65,540,67,508,64,533,62,506,69,508,71,552,65,593,71,586
Random melody 530,60,558,64,527,71,531,71,522,60,548,62,552,60,507,72,591
Random melody 531,71,527,60,587,62,582,65,512,71,526,65,525,65,573,67,561
Random melody 532,62,561,60,557,64,540,69,587,71,501,69,509,62,521,64,524
Random melody 533,62,592,60,525,71,597,69,533,69,545,65,530,67,522,65,565
Random melody 534,69,548,62,582,65,599,65,565,69,521,67,599,64,578,67,569
Random melody 535,67,515,65,545,72,576,71,534,69,591,67,545,62,508,71,568
Random melody 536,62,550,60,596,62,566,64,549,71,526,64,560,62,527,71,553
Random melody 537,72,590,64,538,67,511,64,599,67,557,60,534,71,599,72,593
Random melody 538,69,568,60,553,64,576,64,552,64,533,67,558,64,509,65,559
Random melody 539,65,582,69,528,72,572,60,599,65,573,71,568,72,518,69,548
Random melody 540,65,588,65,572,62,531,69,567,64,531,67,578,69,586,60,523
Random melody 541,69,552,60,556,69,540,62,530,64,582,60,510,67,529,60,589
Random melody 542,60,582,62,531,60,551,67,544,64,591,67,533,60,581,62,574
Random melody 543,62,545,69,523,71,574,67,510,62,527,67,546,62,578,64,530
Random melody 544,69,588,60,588,62,591,67,547,71,565,72,513,69,520,67,500
Random melody 545,60,563,64,518,64,505,62,520,69,585,60,569,62,587,72,554
Random melody 546,62,542,69,571,62,594,67,534,71,569,65,504,71,543,69,579
Random melody 547,72,592,72,557,71,558,67,528,60,532,69,581,69,531,71,518
Random melody 548,69,589,62,571,62,524,64,570,62,593,65,528,64,591,65,584
Random melody 549,65,515,65,566,60,586,65,528,72,594,69,591,72,594,64,536
Random melody 550,72,505,60,553,64,509,64,565,62,543,62,502,71,584,69,596
Random melody 551,69,524,71,544,64,576,71,567,72,547,69,573,71,542,72,507
Random melody 552,72,503,67,542,72,518,67,554,72,550,72,567,71,545,60,551
Random melody 553,71,536,67,536,65,520,69,546,67,595,69,511,64,500,65,553
Random melody 554,65,584,72,571,62,578,62,576,60,600,64,580,71,538,62,588
Random melody 555,62,568,67,554,60,552,71,535,67,580,65,573,62,547,67,559
Random melody 556,67,570,64,537,69,588,62,594,65,581,71,561,72,553,71,588
Random melody 557,69,577,67,507,67,580,60,516,64,535,67,588,71,592,67,575
Random melody 558,67,524,71,501,67,561,64,591,71,556,69,564,64,562,67,555
Random melody 559,71,573,67,518,64,585,69,549,62,563,67,586,62,585,65,535
Random melody 560,64,576,62,567,72,558,60,525,60,557,72,555,69,531,64,596
Random melody 561,67,517,64,590,64,549,62,569,67,500,72,509,69,533,60,590
Random melody 562,62,523,62,515,71,573,65,501,71,545,71,593,62,551,64,590
Random melody 563,62,553,64,565,69,522,65,543,71,594,60,551,69,581,67,506
Random melody 564,69,531,67,540,64,593,72,517,69,575,65,503,67,541,65,577
Random melody 565,69,573,65,540,72,557,71,569,69,547,71,576,67,501,71,512
Random melody 566,65,528,67,600,67,515,60,581,71,506,65,505,69,505,65,594
Random melody 567,60,563,69,522,64,522,71,551,65,530,72,585,60,507,65,500
Random melody 568,60,547,62,503,72,581,71,596,67,583,64,519,69,577,62,511
Random melody 569,71,501,60,596,64,556,69,570,62,570,64,564,67,550,72,517
Random melody 570,65,587,72,523,62,507,60,587,64,514,72,500,72,579,60,553
Random melody 571,72,541,67,522,71,530,72,543,71,509,71,573,72,534,71,512
Random melody 572,65,511,62,587,71,538,69,513,60,516,62,510,65,543,72,545
Random melody 573,62,592,62,560,67,594,60,589,67,578,60,525,62,513,65,505
Random melody 574,72,510,62,547,69,536,67,563,62,549,71,525,72,574,69,542
Random melody 575,65,566,60,547,60,522,67,586,65,570,62,504,62,568,64,504
Random melody 576,64,594,60,518,60,526,71,549,71,557,64,594,60,526,62,574
Random melody 577,67,516,69,566,72,577,71,508,72,576,64,533,60,596,60,529
Random melody 578,65,525,60,583,64,507,72,563,67,520,65,518,67,534,65,592
Random melody 579,65,596,69,519,64,511,72,531,72,599,67,506,60,570,72,537
Random melody 580,71,551,67,592,60,578,72,525,71,569,64,582,64,556,60,521
Random melody 581,60,507,60,593,65,531,62,593,65,588,65,505,67,577,64,556
Random melody 582,62,539,62,511,67,560,65,591,64,514,60,571,64,537,60,545
Random melody 583,64,505,67,585,65,504,62,544,65,569,72,550,69,518,65,584
Random melody 584,71,530,72,587,65,554,65,568,71,591,60,580,64,508,71,589
Random melody 585,67,528,72,599,64,598,69,543,69,550,69,597,65,598,72,599
Random melody 586,67,576,64,591,60,541,69,578,67,536,60,591,64,581,69,575
Random melody 587,60,512,64,503,65,553,60,578,71,523,62,600,60,533,64,534
Random melody 588,72,528,60,598,71,575,67,567,60,599,60,577,69,583,72,585
Random melody 589,62,574,72,535,65,509,62,555,69,596,62,569,69,565,65,510
Random melody 590,69,599,67,574,67,558,71,588,72,591,65,516,64,567,62,528
Random melody 591,64,595,71,541,72,507,69,595,64,548,60,539,60,591,67,578
Random melody 592,60,537,72,505,67,502,64,565,64,540,71,508,64,556,67,551
Random melody 593,71,515,64,507,67,580,65,537,62,594,72,504,62,566,67,512
Random melody 594,72,567,67,535,72,547,71,569,62,549,72,598,60,593,64,558
Random melody 595,62,556,64,545,64,594,60,517,60,510,64,525,62,527,72,566
Random melody 596,72,588,71,536,65,531,72,592,72,552,72,569,62,557,69,528
Random melody 597,67,550,64,532,62,554,65,552,67,589,64,569,62,511,64,541
Random melody 598,67,546,65,558,67,509,60,548,64,539,62,523,62,579,62,519
Random melody 599,72,510,65,571,60,578,71,569,69,515,65,515,72,570,62,541
Random melody 600,69,534,69,550,71,556,72,550,71,528,69,543,71,534,62,526
Random melody 601,64,572,71,544,71,563,67,583,62,572,64,595,64,528,67,593
Random melody 602,71,578,72,585,65,502,67,516,69,544,69,516,71,517,71,584
Random melody 603,62,574,60,540,64,553,62,530,69,568,71,578,69,537,72,595
Random melody 604,62,524,72,545,60,525,60,555,67,538,60,565,72,590,62,530
Random melody 605,72,559,60,523,67,534,69,501,71,575,69,578,69,582,71,569
Random melody 606,67,570,62,600,65,527,60,572,62,507,64,553,65,599,65,549
Random melody 607,67,557,65,573,65,578,67,509,64,574,71,520,67,569,69,585
Random melody 608,71,595,60,506,65,517,72,511,72,520,67,508,72,530,60,503
Random melody 609,71,562,64,564,69,537,67,574,67,551,69,564,64,534,60,545
Random melody 610,67,574,72,570,60,563,65,517,69,585,71,584,60,547,62,569
Random melody 611,69,511,62,582,62,517,65,571,67,512,72,517,62,567,72,546
Random melody 612,64,556,67,559,62,501,65,513,60,594,71,557,64,563,71,528
Random melody 613,71,580,65,554,71,586,69,531,60,598,64,560,65,541,72,502
Random melody 614,62,594,60,580,64,523,69,584,64,564,60,527,67,509,69,515
Random melody 615,62,581,69,509,65,550,65,518,69,546,62,563,64,521,67,540
Random melody 616,72,583,64,559,60,530,60,578,71,539,62,527,60,597,65,504
Random melody 617,65,552,65,562,65,598,60,543,60,596,60,508,62,524,60,529
Random melody 618,60,521,65,519,65,516,69,510,69,571,65,569,72,553,67,503
Random melody 619,65,591,64,589,60,522,64,553,71,534,64,521,72,535,71,563
Random melody 620,62,564,65,569,64,509,67,506,71,546,65,543,62,593,71,552
Random melody 621,71,568,60,596,69,522,67,515,65,520,69,579,69,542,65,555
Random melody 622,72,539,65,508,72,574,62,544,69,562,69,515,72,500,72,537
Random melody 623,60,550,62,551,60,500,64,532,71,514,64,559,62,563,72,565
Random melody 624,67,547,60,506,65,515,60,557,71,580,65,594,69,515,67,592
Random melody 625,62,568,60,506,71,584,72,513,62,556,60,559,60,522,65,578
Random melody 626,67,521,72,511,65,509,71,513,71,500,67,591,62,549,69,507
Random melody 627,62,512,64,553,64,600,62,526,60,547,72,550,67,518,67,557
Random melody 628,71,531,62,502,72,538,71,563,69,532,71,521,64,570,65,590
Random melody 629,65,576,67,526,67,589,72,535,67,533,64,526,64,538,71,505
Random melody 630,65,522,72,559,65,511,67,520,69,553,67,556,71,513,69,572
Random melody 631,60,584,71,532,72,577,71,581,71,512,67,537,69,520,62,586
Random melody 632,72,554,65,533,65,557,72,505,64,564,72,553,72,580,60,554
Random melody 633,67,571,71,539,71,533,67,521,67,550,71,511,72,588,62,514
Random melody 634,71,567,64,530,72,504,72,543,60,578,72,562,67,500,71,516
Random melody 635,64,515,64,578,65,532,65,569,60,585,62,549,65,506,65,504
Random melody 636,65,585,64,589,65,573,69,599,72,531,67,527,71,546,64,573
Random melody 637,65,519,64,528,67,536,71,549,62,578,62,597,60,598,64,590
Random melody 638,67,568,65,583,69,559,69,545,72,525,64,597,60,509,67,534
Random melody 639,62,573,62,539,67,504,65,504,67,592,72,591,72,509,72,575
Random melody 640,64,575,64,574,64,528,64,536,69,585,62,590,62,506,62,536
Random melody 641,72,522,60,528,67,585,60,550,65,554,69,520,64,556,64,523
Random melody 642,72,596,64,530,65,563,69,574,60,503,72,503,71,510,64,550
Random melody 643,62,513,65,583,71,533,71,587,67,500,62,545,62,512,65,532
Random melody 644,64,594,62,587,60,543,69,523,62,577,60,571,72,515,62,598
Random melody 645,71,549,60,551,60,584,64,516,65,535,65,554,71,580,64,529
Random melody 646,64,574,69,523,64,509,71,553,69,598,71,504,72,527,64,515
Random melody 647,69,587,65,516,71,597,72,566,69,516,64,505,71,520,71,581
Random melody 648,72,520,65,570,67,580,67,586,64,574,60,570,69,571,60,555
Random melody 649,67,510,60,600,67,538,64,557,67,584,72,564,64,528,62,541
Random melody 650,71,506,71,575,60,512,65,582,71,524,72,504,64,571,69,567
Random melody 651,69,520,72,590,64,556,60,557,64,594,69,571,69,514,62,515
Random melody 652,60,582,72,590,69,519,65,534,64,520,72,537,72,504,65,500
Random melody 653,65,519,60,554,71,577,64,591,65,589,67,563,65,581,67,552
Random melody 654,62,599,69,521,62,599,71,587,72,530,65,574,62,598,64,514
Random melody 655,67,589,67,503,65,567,60,563,72,503,60,533,69,566,62,590
Random melody 656,71,590,65,525,72,554,64,580,60,533,62,545,60,575,62,583
Random melody 657,64,521,71,553,72,548,72,597,67,556,71,552,69,578,71,557
Random melody 658,62,560,65,573,69,534,72,505,72,591,62,558,67,599,64,579
Random melody 659,62,527,65,558,60,582,72,555,67,574,71,513,60,510,64,546
Random melody 660,60,506,69,534,65,573,72,573,71,559,69,556,71,531,71,521
Random melody 661,71,599,60,502,67,581,69,558,72,552,67,598,69,554,64,532
Random melody 662,64,597,69,507,65,559,67,579,72,589,71,555,60,592,71,519
Random melody 663,65,523,67,594,71,588,72,520,71,542,65,542,67,514,71,560
Random melody 664,62,519,62,519,65,597,60,531,71,554,64,522,72,539,71,515
Random melody 665,62,536,65,560,71,543,69,583,72,570,60,537,64,559,67,529
Random melody 666,71,584,64,598,65,518,67,599,71,533,69,562,65,521,62,520
Random melody 667,71,555,72,573,67,537,69,537,62,599,71,528,65,512,65,540
Random melody 668,71,555,65,523,64,510,72,584,72,530,64,565,72,596,62,597
Random melody 669,67,593,62,555,72,509,69,514,60,508,60,501,65,565,65,501
Random melody 670,72,564,64,561,62,503,71,546,67,505,69,597,64,569,71,568
Random melody 671,69,516,72,593,60,597,60,600,62,600,62,544,67,506,62,568
Random melody 672,65,548,71,561,67,524,64,540,72,568,64,506,65,565,67,555
Random melody 673,62,525,67,509,60,577,64,532,72,563,69,537,67,565,62,536
Random melody 674,69,503,72,553,69,543,69,575,60,598,69,512,69,533,72,587
Random melody 675,65,549,64,528,62,556,69,521,65,540,62,571,71,523,71,515
Random melody 676,67,533,64,531,60,501,69,557,64,561,65,595,67,531,65,515
Random melody 677,64,529,65,565,62,550,62,538,62,535,69,570,72,523,62,521
Random melody 678,67,522,64,507,65,593,64,585,62,585,62,565,64,531,65,570
Random melody 679,62,546,65,580,62,509,72,583,65,540,69,595,72,531,71,503
Random melody 680,71,546,67,545,69,573,64,598,65,583,71,563,69,590,64,559
Random melody 681,60,509,64,543,60,535,62,525,69,593,60,598,72,514,60,578
Random melody 682,71,505,67,501,72,590,65,515,65,593,71,597,60,579,65,519
Random melody 683,69,587,60,575,64,581,67,586,65,528,67,545,67,579,67,521
Random melody 684,65,533,60,590,65,532,72,551,71,589,62,500,72,550,71,564
Random melody 685,69,547,69,570,60,591,65,589,65,500,62,538,60,513,60,535
Random melody 686,60,518,72,540,65,589,62,548,60,511,71,600,62,504,71,518
Random melody 687,64,586,72,517,60,565,65,510,71,565,60,521,72,503,60,598
Random melody 688,69,512,67,547,72,529,64,530,64,524,64,593,67,509,72,530
Random melody 689,64,568,62,548,64,502,69,515,67,518,67,572,64,564,71,522
Random melody 690,72,507,69,511,64,593,60,549,71,566,62,595,71,518,64,599
Random melody 691,62,517,65,513,72,592,65,549,69,591,62,518,71,579,64,582
Random melody 692,64,542,72,583,60,598,69,535,71,583,65,590,64,543,71,560
Random melody 693,64,547,67,568,69,568,62,555,69,502,62,552,69,570,60,513
Random melody 694,72,524,72,525,62,531,65,508,65,507,71,505,72,516,67,536
Random melody 695,62,514,64,538,62,573,60,520,72,559,62,550,60,579,60,584
Random melody 696,72,587,72,500,72,588,64,577,65,575,64,558,64,567,65,535
Random melody 697,60,534,65,570,64,525,69,518,64,548,71,570,60,597,60,573
Random melody 698,60,526,67,518,71,572,60,581,65,597,69,598,67,573,72,560
Random melody 699,60,510,60,550,64,545,72,580,72,584,65,511,71,562,62,543
Random melody 700,62,569,64,594,60,537,69,595,65,584,72,567,72,562,65,536
Random melody 701,62,528,69,589,65,550,62,509,60,542,62,584,64,537,67,558
Random melody 702,72,553,60,546,62,568,67,524,60,535,72,571,69,558,67,565
Random melody 703,62,574,64,542,60,547,67,516,62,580,65,582,72,530,69,510
Random melody 704,60,529,72,570,60,596,67,535,60,574,65,543,62,523,64,592
Random melody 705,71,595,72,583,64,570,72,584,67,558,69,552,72,593,71,508
Random melody 706,67,536,65,515,65,582,69,514,60,504,69,521,64,561,69,583
Random melody 707,62,521,65,506,62,571,65,555,65,509,65,585,64,519,62,574
Random melody 708,71,543,64,557,72,521,69,533,69,579,69,566,65,527,67,553
Random melody 709,64,579,71,513,65,548,65,565,72,550,67,531,71,514,64,504
Random melody 710,64,592,72,553,69,544,69,518,71,560,64,539,67,532,60,540
Random melody 711,71,502,62,555,71,501,72,506,72,586,65,536,65,536,64,577
Random melody 712,67,595,72,530,67,515,71,541,62,525,67,589,71,524,62,552
Random melody 713,69,530,64,519,67,503,71,503,71,556,67,517,64,531,60,524
Random melody 714,62,598,62,542,60,559,62,556,65,595,60,564,62,555,60,581
Random melody 715,65,557,67,528,67,539,64,564,69,537,62,545,67,524,65,555
Random melody 716,67,568,72,560,65,568,69,583,60,579,60,525,67,522,64,521
Random melody 717,72,517,67,533,64,596,71,573,60,540,64,542,67,593,65,535
Random melody 718,72,584,65,545,72,557,65,577,60,502,71,598,69,586,71,515
Random melody 719,71,502,72,576,72,562,65,528,67,500,65,503,72,509,64,569
Random melody 720,72,556,71,560,71,578,67,522,64,510,72,552,62,538,69,532
Random melody 721,62,515,69,552,72,552,64,500,65,583,60,547,71,523,62,579
Random melody 722,69,575,62,572,64,513,60,554,69,577,67,506,67,518,62,563
Random melody 723,62,523,67,565,69,506,65,581,67,554,60,543,60,556,65,527
Random melody 724,62,513,64,529,64,544,62,514,69,532,69,578,62,529,62,521
Random melody 725,69,556,67,599,72,504,65,502,60,556,60,568,67,562,62,549
Random melody 726,60,559,60,530,72,570,62,578,62,538,67,592,67,541,71,580
Random melody 727,62,521,72,535,62,502,65,527,65,522,67,523,65,550,71,535
Random melody 728,64,555,72,526,62,582,64,585,71,524,64,600,65,508,71,548
Random melody 729,64,561,60,590,62,525,69,543,71,564,69,526,65,557,67,581
Random melody 730,62,582,67,570,69,583,64,549,71,507,72,573,71,554,64,518
Random melody 731,65,521,72,548,67,527,72,581,62,579,71,544,67,523,71,578
Random melody 732,67,571,67,507,69,570,65,543,72,549,64,580,67,541,65,509
Random melody 733,64,534,65,508,60,545,65,508,72,593,62,595,62,588,64,566
Random melody 734,72,551,72,540,64,576,67,513,72,526,64,515,72,534,60,575
Random melody 735,72,505,62,550,72,541,64,523,67,595,60,547,69,592,60,532
Random melody 736,72,518,64,540,62,588,71,558,67,520,62,556,71,516,60,564
Random melody 737,65,529,60,517,62,525,60,591,67,529,62,543,67,535,62,553
Random melody 738,65,506,67,561,71,505,65,520,62,521,69,566,62,558,60,573
Random melody 739,62,527,71,583,64,577,65,593,71,518,72,580,69,587,62,511
Random melody 740,62,525,64,545,67,526,71,524,71,560,65,576,64,506,67,531
Random melody 741,69,553,69,512,65,525,71,545,60,515,67,535,71,594,71,553
Random melody 742,72,536,69,599,69,594,69,537,62,501,71,576,60,505,67,593
Random melody 743,60,597,60,596,72,523,65,587,60,584,62,555,60,524,60,583
Random melody 744,64,522,62,564,64,523,69,548,71,598,72,596,62,563,65,560
Random melody 745,62,570,65,526,64,557,60,505,71,570,60,511,65,591,69,584
Random melody 746,71,591,60,505,64,565,65,506,62,540,64,533,65,562,72,526
Random melody 747,64,593,72,529,62,565,72,581,64,536,65,544,64,565,62,528
Random melody 748,65,567,62,593,67,574,60,555,67,545,60,560,60,516,65,600
Random melody 749,67,579,64,539,72,584,69,563,64,510,72,534,69,526,64,539
Random melody 750,62,502,69,524,67,574,64,580,65,566,67,597,64,513,67,509
Random melody 751,67,550,62,584,60,560,69,574,72,593,64,527,64,585,65,579
Random melody 752,72,557,60,568,65,600,64,567,72,592,60,577,60,600,72,565
Random melody 753,64,560,60,520,64,502,65,511,71,581,60,590,69,566,72,586
Random melody 754,62,511,69,578,71,578,65,581,72,511,69,564,62,531,67,572
Random melody 755,71,529,67,525,71,595,60,595,62,554,62,553,69,529,72,523
Random melody 756,71,506,71,597,67,530,71,545,67,509,71,514,62,517,71,572
Random melody 757,65,536,67,537,62,556,67,572,60,521,65,506,62,599,67,500
Random melody 758,60,529,64,535,72,505,72,590,65,564,65,569,71,516,71,567
Random melody 759,62,570,62,520,62,553,60,528,65,560,67,593,72,600,67,514
Random melody 760,72,563,65,566,60,575,71,571,71,571,69,518,65,568,67,531
Random melody 761,72,508,67,573,65,547,69,566,67,583,72,577,62,505,60,550
Random melody 762,65,537,67,579,71,581,62,557,67,522,69,560,64,511,64,587
Random melody 763,69,581,72,554,67,550,60,567,64,533,62,537,71,535,71,556
Random melody 764,69,536,65,586,67,564,60,597,62,593,62,575,72,562,60,564
Random melody 765,72,565,65,568,67,564,71,525,64,583,71,594,64,572,72,535
Random melody 766,65,515,64,569,69,586,60,587,69,538,60,546,71,545,67,551
Random melody 767,71,599,62,591,60,581,65,513,65,587,71,571,67,586,72,537
Random melody 768,72,555,69,572,67,527,69,580,71,598,71,528,72,512,67,551
Random melody 769,64,581,69,505,65,540,64,523,69,559,67,589,60,522,65,579
Random melody 770,69,571,65,529,60,500,64,511,64,556,60,506,72,535,62,586
Random melody 771,72,546,69,567,69,538,67,559,64,548,72,520,71,597,62,535
Random melody 772,62,520,64,524,60,562,64,538,72,540,72,557,67,502,69,540
Random melody 773,64,517,69,583,67,564,71,583,69,569,65,527,60,580,65,586
Random melody 774,72,540,71,591,67,509,72,566,72,522,60,562,69,517,71,583
Random melody 775,64,503,64,551,71,510,60,580,65,589,71,582,71,590,60,534
Random melody 776,65,576,71,542,65,523,64,569,62,531,67,546,60,527,64,558
Random melody 777,71,514,64,546,71,559,67,524,69,521,71,539,72,558,67,588
Random melody 778,64,577,72,541,64,575,67,556,65,530,69,564,72,543,64,568
Random melody 779,72,545,65,597,69,540,62,579,60,511,71,587,71,554,62,564
Random melody 780,65,523,65,597,60,535,69,543,72,550,72,567,64,542,65,514
Random melody 781,62,558,71,583,62,589,72,537,67,507,67,521,62,577,71,594
Random melody 782,69,555,64,535,72,509,69,531,60,534,71,522,71,529,62,585
Random melody 783,69,581,64,575,65,553,65,507,60,513,69,592,72,597,60,512
Random melody 784,62,531,72,592,67,531,62,503,62,559,60,574,67,594,62,594
Random melody 785,64,598,67,556,67,509,62,581,65,566,62,554,62,527,64,586
Random melody 786,69,520,60,511,69,517,62,526,65,551,67,556,65,548,67,509
Random melody 787,67,500,71,565,67,541,64,514,71,513,67,546,60,522,62,501
Random melody 788,67,600,60,575,62,541,60,527,71,551,71,586,67,576,62,564
Random melody 789,72,591,72,511,62,505,72,586,62,525,60,503,69,585,64,585
Random melody 790,72,515,64,500,67,596,72,502,62,505,67,578,64,539,72,515
Random melody 791,65,597,65,545,60,568,65,506,62,579,72,536,69,571,67,593
Random melody 792,71,583,67,578,64,512,67,521,65,502,71,587,69,562,60,568
Random melody 793,64,528,69,554,71,565,72,563,62,533,64,521,69,522,72,516
Random melody 794,64,553,69,502,65,584,67,548,65,501,60,505,69,576,60,557
Random melody 795,65,589,65,594,67,588,69,578,67,588,72,536,71,563,65,564
Random melody 796,64,532,71,574,72,514,67,537,64,577,64,539,65,562,64,553
Random melody 797,69,556,67,577,72,594,60,508,64,523,71,591,62,534,65,573
Random melody 798,62,591,60,590,65,537,65,513,64,578,65,506,69,513,69,550
Random melody 799,67,590,69,501,64,538,64,525,67,568,65,522,65,546,69,530
Random melody 800,71,554,62,532,62,576,62,547,69,511,71,509,69,555,67,566
Random melody 801,65,568,62,521,60,513,67,575,69,562,62,558,67,580,71,587
Random melody 802,65,590,62,508,71,573,60,504,67,518,69,509,71,554,71,501
Random melody 803,60,568,60,535,62,526,71,588,72,563,60,533,62,533,64,537
Random melody 804,62,531,69,576,62,536,72,517,71,531,60,575,67,541,65,569
Random melody 805,62,600,72,530,69,507,64,510,71,587,64,514,64,580,67,516
Random melody 806,69,573,62,590,72,528,65,556,72,594,65,541,72,534,65,596
Random melody 807,71,598,62,515,67,598,64,553,69,520,69,563,65,561,72,516
Random melody 808,69,538,72,523,72,588,67,569,64,582,65,512,71,522,72,568
Random melody 809,64,584,72,506,69,573,69,568,67,529,67,541,62,588,62,512
Random melody 810,71,515,65,516,65,557,64,553,69,500,71,533,62,514,62,560
Random melody 811,69,567,65,585,71,529,60,584,65,589,72,569,67,541,62,570
Random melody 812,69,534,67,598,62,554,72,552,71,596,65,523,67,582,64,535
Random melody 813,65,531,62,583,64,594,69,574,60,506,65,508,71,573,67,535
Random melody 814,69,543,71,570,64,529,60,587,65,526,60,576,62,505,60,534
Random melody 815,67,583,72,557,65,509,64,535,65,592,72,506,60,544,67,555
Random melody 816,60,600,65,592,71,523,69,548,71,531,72,507,67,509,62,512
Random melody 817,72,595,69,595,69,567,64,505,71,597,62,569,69,597,65,535
Random melody 818,65,526,69,575,64,581,65,591,71,520,62,543,69,529,62,577
Random melody 819,62,507,71,537,60,559,69,528,67,596,60,564,65,539,65,509
Random melody 820,71,553,64,547,65,579,72,556,71,598,67,508,67,594,72,517
Random melody 821,69,515,71,511,62,566,62,542,72,500,72,583,60,588,67,561
Random melody 822,71,597,67,574,65,501,60,509,67,524,72,596,62,586,71,504
Random melody 823,71,567,69,577,72,502,67,501,72,523,71,537,62,571,62,574
Random melody 824,69,569,67,600,67,538,71,515,60,531,62,599,67,558,62,557
Random melody 825,67,576,60,572,69,510,62,566,62,550,71,587,71,512,72,584
Random melody 826,69,534,65,509,62,555,71,524,64,544,69,595,72,581,72,506
Random melody 827,65,519,69,525,72,559,71,561,67,546,71,572,72,554,71,571
Random melody 828,69,508,72,512,65,515,62,522,71,587,60,506,64,503,71,570
Random melody 829,67,528,72,529,71,584,65,538,65,525,72,569,71,577,72,506
Random melody 830,72,504,64,546,60,591,69,518,64,545,62,512,60,525,60,542
Random melody 831,64,571,71,515,64,597,72,525,72,523,64,597,60,509,72,573
Random melody 832,71,574,67,567,72,537,71,587,71,593,71,563,60,514,62,575
Random melody 833,65,520,65,500,72,536,62,502,72,520,64,527,60,511,69,577
Random melody 834,62,567,62,528,67,565,67,557,67,507,67,530,64,588,64,500
Random melody 835,69,580,67,518,69,555,62,525,69,579,62,509,62,532,69,550
Random melody 836,67,537,67,574,69,504,60,552,64,586,64,526,67,525,71,587
Random melody 837,65,582,65,577,65,569,60,512,72,543,65,528,60,575,69,567
Random melody 838,71,521,69,534,65,501,64,537,60,565,69,571,65,577,69,507
Random melody 839,67,567,69,521,72,577,71,566,65,531,71,508,67,501,64,510
Random melody 840,64,530,60,591,67,593,62,577,62,508,65,582,72,558,71,556
Random melody 841,65,568,65,548,62,577,72,514,60,599,69,600,65,574,67,508
Random melody 842,72,579,67,504,67,540,69,564,60,559,65,545,65,590,72,579
Random melody 843,65,534,64,506,69,567,65,591,69,592,69,539,62,536,60,508
Random melody 844,62,537,72,576,60,572,67,566,69,531,69,532,64,536,71,594
Random melody 845,65,536,60,576,67,549,71,568,67,523,71,519,60,531,67,566
Random melody 846,62,523,64,517,71,510,67,589,64,500,60,513,64,503,60,559
Random melody 847,72,582,60,596,69,515,69,545,72,588,64,524,60,586,69,595
Random melody 848,64,524,72,505,69,512,71,534,71,534,64,577,65,573,62,544
Random melody 849,71,545,65,505,60,560,65,508,65,600,72,507,64,522,65,541
Random melody 850,64,532,72,582,62,577,65,533,71,580,62,528,71,545,69,541
Random melody 851,69,523,60,521,71,558,65,550,60,508,71,564,60,575,72,595
Random melody 852,67,512,72,570,69,590,69,545,64,546,71,557,62,596,64,508
Random melody 853,62,578,69,519,65,537,67,523,71,572,71,543,64,520,69,530
Random melody 854,60,598,72,533,62,572,72,520,71,591,71,500,69,591,60,545
Random melody 855,71,567,60,531,67,513,67,512,71,529,72,526,67,529,60,515
Random melody 856,64,569,60,597,65,502,62,578,60,594,71,572,62,594,71,534
Random melody 857,67,520,71,564,64,534,69,508,67,507,67,501,64,520,65,548
Random melody 858,60,501,69,592,71,596,69,553,60,561,65,546,67,559,72,520
Random melody 859,62,530,71,544,62,532,65,539,65,581,72,532,65,594,71,598
Random melody 860,69,581,64,599,72,568,65,532,62,534,60,518,67,584,62,556
Random melody 861,67,571,72,585,69,555,72,510,60,546,72,554,71,522,64,502
Random melody 862,64,596,69,522,72,542,64,596,62,545,60,510,60,590,69,553
Random melody 863,69,531,64,504,64,530,64,576,71,581,71,551,67,505,64,507
Random melody 864,69,523,72,550,72,508,64,510,71,584,64,573,65,588,60,520
Random melody 865,62,594,72,551,72,596,71,583,67,579,64,559,62,547,71,587
Random melody 866,60,524,65,539,62,591,72,549,64,577,69,571,71,524,71,577
Random melody 867,62,561,67,561,72,568,71,508,64,562,62,524,72,590,62,533
Random melody 868,67,530,71,527,71,553,67,577,67,543,69,549,69,549,69,529
Random melody 869,72,532,69,549,72,572,62,567,72,554,60,527,67,567,65,541
Random melody 870,64,510,67,595,64,528,67,530,60,592,67,500,72,590,62,501
Random melody 871,60,542,60,525,72,570,60,584,65,550,64,568,60,589,60,545
Random melody 872,65,535,69,598,71,599,62,597,62,529,65,553,69,550,72,554
Random melody 873,60,592,60,513,72,528,71,500,60,596,60,559,65,546,65,522
Random melody 874,60,540,64,531,65,507,62,548,64,586,60,548,60,519,62,563
Random melody 875,64,516,62,574,60,587,62,520,62,572,62,505,72,522,62,560
Random melody 876,71,506,69,554,71,517,69,583,65,597,62,557,72,505,65,521
Random melody 877,64,510,65,596,60,584,71,550,69,522,71,535,65,512,64,517
Random melody 878,65,504,62,568,71,567,69,512,72,542,67,579,71,529,72,582
Random melody 879,64,538,71,598,67,571,67,529,65,511,67,599,72,523,69,553
Random melody 880,72,592,69,516,67,536,62,536,67,546,69,587,67,572,62,503
Random melody 881,72,559,72,599,64,577,60,511,72,517,64,521,72,554,62,599
Random melody 882,71,571,65,514,62,561,71,556,64,593,72,538,62,533,60,563
Random melody 883,72,552,67,583,69,543,69,586,64,579,64,539,62,591,67,572
Random melody 884,65,527,65,507,65,520,71,565,60,567,60,507,65,575,72,549
Random melody 885,62,569,65,570,60,598,71,548,71,570,62,530,72,589,69,588
Random melody 886,69,536,67,554,65,518,65,556,72,582,62,572,67,537,67,540
Random melody 887,71,506,62,600,64,570,72,521,60,514,71,592,62,578,72,580
Random melody 888,72,517,72,568,64,534,60,550,65,527,65,561,65,528,69,600
Random melody 889,69,544,71,537,69,529,69,548,62,538,72,537,67,545,60,540
Random melody 890,67,566,62,570,72,512,60,572,71,569,71,557,64,505,69,549
Random melody 891,67,538,60,517,64,511,67,583,64,503,64,506,60,546,67,523
Random melody 892,64,600,69,524,67,542,69,530,62,513,65,593,64,575,71,543
Random melody 893,60,528,65,544,62,595,64,594,72,589,62,509,67,535,67,520
Random melody 894,62,599,67,514,67,567,64,530,65,515,64,541,62,566,67,509
Random melody 895,65,511,64,550,69,521,69,524,69,515,65,544,65,597,69,566
Random melody 896,71,537,71,583,72,558,62,583,60,546,65,512,62,544,67,552
Random melody 897,67,504,60,578,72,521,64,528,72,592,60,512,72,567,64,577
Random melody 898,67,598,60,522,65,591,62,534,60,559,62,525,72,502,72,550
Random melody 899,64,588,69,502,69,577,69,507,64,541,67,521,71,559,60,532
Random melody 900,69,600,62,556,60,546,72,555,67,557,60,543,67,531,65,580
Random melody 901,60,522,67,521,71,537,64,513,69,539,60,565,62,557,64,543
Random melody 902,67,541,64,580,71,523,72,501,71,507,60,506,71,577,71,564
Random melody 903,60,534,64,530,67,566,64,599,67,598,69,533,69,503,71,597
Random melody 904,64,599,69,594,60,538,64,509,65,568,72,566,64,528,64,506
Random melody 905,65,524,67,555,69,596,65,519,72,504,62,520,67,537,69,558
Random melody 906,64,524,62,525,65,534,65,510,71,503,72,516,69,539,71,565
Random melody 907,67,581,72,519,64,557,60,576,65,576,69,586,71,526,69,506
Random melody 908,65,576,71,587,69,590,71,515,64,527,71,591,69,543,65,537
Random melody 909,69,559,69,522,67,530,67,598,65,542,65,503,67,511,62,500
Random melody 910,69,534,60,530,65,565,64,510,60,556,69,510,72,595,69,549
Random melody 911,69,553,67,587,67,523,71,500,71,571,65,504,67,525,60,505
Random melody 912,71,597,64,504,65,505,60,510,62,544,62,582,72,533,67,591
Random melody 913,64,556,69,598,65,552,67,592,71,586,71,574,65,518,72,504
Random melody 914,65,542,65,595,67,588,67,533,62,505,64,503,64,550,71,566
Random melody 915,60,522,69,525,67,577,65,520,69,569,71,550,69,575,65,552
Random melody 916,72,571,71,568,69,534,69,530,71,556,64,594,69,532,72,577
Random melody 917,60,538,60,518,60,535,71,558,65,501,72,547,67,593,69,522
Random melody 918,64,572,71,548,69,577,60,556,72,600,62,512,67,507,69,546
Random melody 919,67,543,60,514,72,541,72,522,65,500,64,591,65,520,69,516
Random melody 920,72,595,69,579,72,568,60,591,65,545,62,580,64,538,65,593
Random melody 921,65,530,60,510,65,512,65,500,62,598,62,594,65,509,67,585
Random melody 922,64,556,62,536,69,521,65,535,65,572,62,586,60,500,71,518
Random melody 923,65,530,62,591,67,507,71,538,62,547,72,592,65,501,65,539
Random melody 924,60,532,69,512,69,580,64,534,67,530,71,591,67,561,69,506
Random melody 925,72,586,60,595,72,572,65,508,69,526,69,557,69,521,65,573
Random melody 926,67,587,60,523,67,512,60,570,69,581,71,520,65,527,67,546
Random melody 927,69,521,64,582,69,568,60,595,71,578,62,514,72,598,69,546
Random melody 928,72,513,72,525,62,558,72,504,65,577,65,578,72,575,67,548
Random melody 929,62,548,72,502,69,586,65,534,60,539,64,502,71,560,69,568
Random melody 930,72,510,71,516,62,537,62,580,71,598,60,527,69,541,65,538
Random melody 931,71,535,72,560,71,539,65,532,65,522,69,586,72,546,62,598
Random melody 932,67,573,60,510,69,586,65,534,64,502,69,581,64,580,72,523
Random melody 933,71,586,65,540,62,570,62,546,65,500,65,515,64,527,62,528
Random melody 934,64,585,67,585,67,561,71,598,65,572,62,525,65,580,62,566
Random melody 935,62,596,60,553,69,537,62,533,72,504,64,590,72,507,71,542
Random melody 936,69,518,72,587,67,549,69,514,65,530,60,583,72,528,71,600
Random melody 937,62,556,60,591,62,570,71,599,64,552,67,572,72,595,65,512
Random melody 938,69,514,72,590,64,500,69,574,69,566,67,545,69,600,71,526
Random melody 939,71,531,62,536,64,518,67,568,72,522,71,551,64,514,62,500
Random melody 940,64,519,62,510,67,562,65,553,67,538,72,544,69,548,64,589
Random melody 941,62,525,71,549,62,584,60,552,71,514,71,536,62,579,65,590
Random melody 942,65,556,71,559,67,523,62,581,67,566,60,514,71,554,69,539
Random melody 943,65,573,64,584,72,581,69,541,71,580,64,508,69,552,62,598
Random melody 944,71,529,72,505,62,533,71,508,64,594,64,586,62,597,72,550
Random melody 945,60,556,64,564,62,507,71,506,60,600,72,572,72,509,72,557
Random melody 946,62,500,64,573,60,583,62,594,67,593,62,578,64,532,71,533
Random melody 947,65,532,64,581,62,513,65,543,71,559,72,599,72,559,65,508
Random melody 948,72,597,60,500,60,565,71,537,71,511,65,501,62,533,69,577
Random melody 949,67,582,60,542,62,509,64,551,65,508,72,544,67,506,60,554
Random melody 950,69,570,62,518,69,527,69,556,60,600,60,528,64,558,60,532
Random melody 951,65,560,67,540,72,535,62,504,72,558,65,541,72,539,64,559
Random melody 952,60,511,62,573,60,599,67,508,65,544,71,511,71,522,60,537
Random melody 953,62,551,64,539,72,552,64,524,65,583,69,533,71,579,71,521
Random melody 954,72,561,60,520,60,514,60,525,69,518,67,571,62,583,72,570
Random melody 955,72,557,65,525,60,586,69,543,71,580,71,532,65,596,64,537
Random melody 956,60,595,64,545,67,511,64,573,64,574,67,568,62,593,69,597
Random melody 957,62,596,65,566,67,536,71,590,65,527,67,545,60,592,62,551
Random melody 958,72,596,62,531,62,589,72,516,67,523,60,598,72,571,71,588
Random melody 959,60,539,64,551,62,569,69,542,67,545,72,592,72,504,64,519
Random melody 960,72,591,64,560,67,566,72,532,65,556,67,525,65,546,62,586
Random melody 961,72,598,60,511,72,518,65,568,72,533,72,500,60,545,64,533
Random melody 962,64,510,67,548,71,546,62,589,69,537,62,553,62,575,72,521
Random melody 963,72,567,69,503,64,530,64,543,67,591,62,592,64,501,67,566
Random melody 964,67,548,71,561,67,600,65,594,62,548,71,534,64,521,64,534
Random melody 965,67,544,71,585,65,561,69,566,72,581,62,576,71,526,69,563
Random melody 966,62,560,64,525,67,502,72,507,67,582,65,589,72,522,67,544
Random melody 967,67,562,60,556,69,561,64,590,67,531,65,522,72,501,60,550
Random melody 968,65,531,65,549,62,588,72,592,67,541,72,533,72,596,67,571
Random melody 969,72,585,62,554,60,541,65,505,72,568,67,600,60,502,67,584
Random melody 970,62,569,71,598,72,571,60,513,72,530,65,583,72,510,69,521
Random melody 971,64,549,72,595,60,527,65,506,69,534,60,551,60,547,60,553
Random melody 972,72,527,65,569,62,567,67,516,62,531,67,598,69,546,64,572
Random melody 973,60,595,71,574,60,517,69,520,65,521,65,506,64,506,64,548
Random melody 974,67,511,72,517,60,537,62,563,71,531,69,528,72,500,60,588
Random melody 975,65,594,67,575,71,571,71,563,64,551,71,561,64,504,69,600
Random melody 976,65,541,72,529,60,573,60,522,65,503,69,561,60,572,72,522
Random melody 977,62,538,60,511,69,564,62,532,65,535,60,574,69,542,65,523
Random melody 978,65,502,62,580,69,501,65,558,67,582,65,560,65,571,62,516
Random melody 979,67,538,64,559,72,523,65,582,67,557,72,570,64,511,71,524
Random melody 980,69,539,72,504,64,585,72,534,71,539,72,582,60,524,71,518
Random melody 981,62,531,71,555,71,589,72,538,71,544,69,523,65,538,69,555
Random melody 982,62,587,69,552,60,595,64,581,60,547,69,600,72,508,65,501
Random melody 983,64,512,71,508,72,503,60,558,64,510,67,506,67,521,64,595
Random melody 984,67,564,72,534,72,576,64,511,64,589,72,582,64,564,72,504
Random melody 985,69,592,64,527,69,580,69,540,64,583,65,510,69,552,60,524
Random melody 986,64,551,65,580,69,594,72,542,62,590,71,561,65,576,64,561
Random melody 987,72,545,67,503,67,572,65,527,71,536,60,553,60,537,62,531
Random melody 988,69,565,71,566,60,510,72,551,60,560,65,568,69,587,69,568
Random melody 989,60,518,67,526,69,544,67,574,72,536,65,575,62,597,64,553
Random melody 990,71,574,62,538,62,507,60,525,72,554,62,546,65,553,71,594
Random melody 991,64,514,64,528,72,598,60,523,60,511,65,510,71,553,71,546
Random melody 992,64,511,69,572,71,550,60,598,71,562,69,540,69,505,67,552
Random melody 993,67,532,69,586,71,590,64,519,64,599,60,572,60,558,72,532
Random melody 994,67,565,72,584,72,551,65,513,69,576,69,548,71,587,62,577
Random melody 995,65,593,67,569,71,565,62,521,71,557,69,565,65,559,60,523
Random melody 996,65,584,72,544,72,560,62,525,67,501,62,567,67,596,60,562
Random melody 997,72,525,62,585,71,553,62,511,71,500,64,556,62,576,64,512
Random melody 998,65,574,65,532,72,531,60,550,60,596,65,567,67,537,65,523
Random melody 999,62,507,64,589,69,585,62,563,62,511,72,570,62,508,60,598
